{
  "version": "1.0.0",
  "platformVersion": "11.1.0",
  "triggers": {},
  "searches": {},
  "creates": {
    "json_2_csv": {
      "key": "json_2_csv",
      "noun": "CSV File",
      "display": {
        "label": "JSON to CSV",
        "description": "Creates a new csv file from JSON Text String"
      },
      "operation": {
        "perform": "$func$2$f$",
        "inputFields": [
          {
            "key": "json",
            "label": "JSON Text String",
            "type": "text",
            "required": true
          },
          {
            "key": "file_name",
            "label": "File Name",
            "required": false,
            "helpText": "The name of the file. Default is 'new_csv.csv'"
          }
        ],
        "sample": {
          "csv_text": "some csv text",
          "file": "some file",
          "name": "some_name.csv"
        }
      }
    }
  },
  "resources": {},
  "searchOrCreates": {}
}